code,name,system,cap_MW,lat,lon,confidence,source,cod_ceg,municipio,bus
12,CUIABA G CC,SUDESTE,476.1,-15.596000,-56.097000,siga-fuzzy,siga-fuzzy,UTE.GN.MT.027003-2.1,Cuiabá - MT,
4,ST.CRUZ 34,SUDESTE,0.0,-22.914269,-43.765292,siga-fuzzy,siga-fuzzy,UTE.GN.RJ.027243-4.1,Rio de Janeiro - RJ,
86,ST.CRUZ NOV2,SUDESTE,500.0,-22.914269,-43.765292,siga-fuzzy,siga-fuzzy,UTE.GN.RJ.027243-4.1,Rio de Janeiro - RJ,
50,PIRAT.12 G,SUDESTE,0.0,-23.696288,-46.668591,siga-fuzzy,siga-fuzzy,UTE.PE.SP.002082-6.1,São Paulo - SP,
182,PALMEIRAS GO,SUDESTE,140.448,-16.810000,-49.910000,bus-proxy,bus:PALMEIUTE013,,,PALMEIUTE013
334,W. ARJONA,SUDESTE,177.12,-20.547222,-54.749722,siga-fuzzy,siga-fuzzy,UTE.GN.MS.027075-0.1,Campo Grande - MS,
171,NORTEFLU-1,SUDESTE,400.0,-22.759922,-47.154386,plant,siga-token,UTE.PE.SP.028924-8.1,Paulínia - SP,NFLUG-UTE013
172,NORTEFLU-2,SUDESTE,100.0,-22.759922,-47.154386,plant,siga-token,UTE.PE.SP.028924-8.1,Paulínia - SP,NFLUV-UTE013
173,NORTEFLU-3,SUDESTE,200.0,-22.759922,-47.154386,plant,siga-token,UTE.PE.SP.028924-8.1,Paulínia - SP,NFLUG-UTE013
174,NORTEFLU-4,SUDESTE,126.78,-22.759922,-47.154386,plant,siga-token,UTE.PE.SP.028924-8.1,Paulínia - SP,NFLUV-UTE013
229,ONCA PINTADA,SUDESTE,47.5,-20.383889,-51.425833,plant,siga-name,UTE.FL.MS.035085-0.1,Três Lagoas - MS,ONCAPIUTE013
1,ANGRA 1,SUDESTE,640.0,-23.010000,-44.460000,bus-proxy,bus:ANGRA1UNE013,,,ANGRA1UNE013
13,ANGRA 2,SUDESTE,1350.0,-23.010000,-44.460000,bus-proxy,bus:ANGRA2UNE013,,,ANGRA2UNE013
15,LINHARES,SUDESTE,204.0,-19.530000,-39.800000,bus-proxy,bus:LORM--UTE013,,,LORM--UTE013
257,LINHARES LRC,SUDESTE,204.0,-19.530000,-39.800000,bus-proxy,bus:LORM--UTE013,,,LORM--UTE013
247,LINHARES PC2,SUDESTE,36.0,-19.530000,-39.800000,bus-proxy,bus:LORM--UTE013,,,LORM--UTE013
251,POVOACAO 1 2,SUDESTE,74.96,-19.534731,-39.802150,plant,siga-token,UTE.GN.ES.056045-6.1,Linhares - ES,
49,VIANA,SUDESTE,174.6,-20.373960,-40.429282,plant,siga-name,UTE.PE.ES.029664-3.1,Viana - ES,
253,VIANA 1    2,SUDESTE,37.48,-20.379169,-40.436947,siga-fuzzy,siga-fuzzy,UTE.GN.ES.056350-1.1,Viana - ES,
153,DAIA       2,SUDESTE,0.0,-16.396393,-48.930359,plant,siga-token,UTE.PE.GO.028612-5.1,Anápolis - GO,DAIA--UTE013
256,CIDADE LIVRO,SUDESTE,80.0,-22.520000,-48.640000,bus-proxy,bus:UTELENUTE013,,,UTELENUTE013
146,STA VITORIA,SUDESTE,38.502,-18.780000,-50.230000,bus-proxy,bus:SVITORUTE013,,,SVITORUTE013
245,KARKEY 013 1,SUDESTE,258.64,-22.930485,-43.857014,plant,siga-token,UTE.GN.RJ.055914-8.1,Itaguaí - RJ,ZOESTE-RJ138
246,KARKEY 019 1,SUDESTE,115.92,-22.936126,-43.834043,plant,siga-token,UTE.GN.RJ.055917-2.1,Itaguaí - RJ,ZOESTE-RJ138
249,PORSUD I   1,SUDESTE,115.92,-20.940069,-43.802578,plant,siga-token,UTE.GN.RJ.055706-4.1,Itaguaí - RJ,ZOESTE-RJ138
250,PORSUD II  2,SUDESTE,78.32,-22.870000,-43.710000,bus-proxy,bus:ZOESTE-RJ138,,,ZOESTE-RJ138
211,BAIXADA FLU2,SUDESTE,530.0,-22.722230,-43.642957,siga-fuzzy,siga-fuzzy,UTE.GN.RJ.030769-6.1,Seropédica - RJ,
97,CUBATAO,SUDESTE,186.624,-23.875531,-46.431825,siga-fuzzy,siga-fuzzy,UTE.GN.SP.028014-3.1,Cubatão - SP,
63,IBIRITE,SUDESTE,235.0,-19.990557,-44.098390,plant,siga-token,UTE.GN.MG.001096-0.1,Ibirité - MG,
54,JUIZ DE FOR2,SUDESTE,87.05,-21.685454,-43.447479,siga-fuzzy,siga-fuzzy,UTE.GN.MG.001276-9.1,Juiz de Fora - MG,
110,N.PIRATININ2,SUDESTE,386.38,-23.698889,-46.678611,siga-fuzzy,siga-fuzzy,UTE.GN.SP.028191-3.1,São Paulo - SP,
62,SEROPEDICA 1,SUDESTE,360.0,-22.720043,-43.646874,siga-fuzzy,siga-fuzzy,UTE.GN.RJ.027952-8.1,Seropédica - RJ,
90,TERMOMACAE 2,SUDESTE,923.0,-22.305917,-41.865813,siga-fuzzy,siga-fuzzy,UTE.GN.RJ.028029-1.1,Macaé - RJ,
47,TERMORIO,SUDESTE,989.193,-22.709621,-43.245813,plant,siga-token,UTE.GN.RJ.027888-2.1,Duque de Caxias - RJ,
68,TRES LAGOAS1,SUDESTE,350.0,-20.741010,-51.654146,siga-fuzzy,siga-fuzzy,UTE.GN.MS.027975-7.1,Três Lagoas - MS,
137,GNA I,SUDESTE,1338.0,-21.843072,-41.013217,siga-fuzzy,siga-fuzzy,UTE.GN.RJ.038173-0.1,São João da Barra - RJ,
238,GNA II,SUDESTE,1672.6,-21.843072,-41.013217,siga-fuzzy,siga-fuzzy,UTE.GN.RJ.038173-0.1,São João da Barra - RJ,
236,MARLIM AZUL,SUDESTE,565.5,-22.362278,-41.869486,plant,siga-token,UTE.GN.RJ.032211-3.1,Macaé - RJ,MAZUL-UTE013
248,PAULINIA VE2,SUDESTE,15.95,-22.770000,-47.200000,bus-proxy,bus:PAULIVUTE013,,,PAULIVUTE013
183,DO ATLANTICO,SUDESTE,490.0,-22.909863,-43.739638,plant,siga-name,UTE.CM.RJ.029587-6.1,Rio de Janeiro - RJ,
108,XAVANTES   2,SUDESTE,0.0,-16.580000,-49.260000,bus-proxy,bus:XAVANTUTE013,,,XAVANTUTE013
44,ANGRA 3,SUDESTE,1405.0,-23.010000,-44.470000,bus-proxy,bus:ANGRA3UNE013,,,ANGRA3UNE013
760,SEROPEDICA 2,SUDESTE,360.0,-22.720043,-43.646874,siga-fuzzy,siga-fuzzy,UTE.GN.RJ.027952-8.1,Seropédica - RJ,
761,TRES LAGOAS2,SUDESTE,350.0,-20.741010,-51.654146,siga-fuzzy,siga-fuzzy,UTE.GN.MS.027975-7.1,Três Lagoas - MS,
769,JUIZ DE FOR1,SUDESTE,87.05,-21.685454,-43.447479,siga-fuzzy,siga-fuzzy,UTE.GN.MG.001276-9.1,Juiz de Fora - MG,
772,NORTEFLU,SUDESTE,826.78,-21.262273,-44.693914,system-centroid,system-centroid,,,
774,N.PIRATININ1,SUDESTE,386.38,-23.698889,-46.678611,siga-fuzzy,siga-fuzzy,UTE.GN.SP.028191-3.1,São Paulo - SP,
775,ST.CRUZ NOV1,SUDESTE,500.0,-22.914269,-43.765292,siga-fuzzy,siga-fuzzy,UTE.GN.RJ.027243-4.1,Rio de Janeiro - RJ,
776,BAIXADA FLU1,SUDESTE,530.0,-22.722230,-43.642957,siga-fuzzy,siga-fuzzy,UTE.GN.RJ.030769-6.1,Seropédica - RJ,
791,DAIA       1,SUDESTE,44.44,-16.396393,-48.930359,plant,siga-token,UTE.PE.GO.028612-5.1,Anápolis - GO,DAIA--UTE013
795,XAVANTES   1,SUDESTE,53.58,-16.580000,-49.260000,bus-proxy,bus:XAVANTUTE013,,,XAVANTUTE013
801,TERMOMACAE 1,SUDESTE,923.0,-22.305917,-41.865813,siga-fuzzy,siga-fuzzy,UTE.GN.RJ.028029-1.1,Macaé - RJ,
802,KARKEY 013 2,SUDESTE,258.64,-22.930485,-43.857014,plant,siga-token,UTE.GN.RJ.055914-8.1,Itaguaí - RJ,ZOESTE-RJ138
803,KARKEY 019 2,SUDESTE,115.92,-22.936126,-43.834043,plant,siga-token,UTE.GN.RJ.055917-2.1,Itaguaí - RJ,ZOESTE-RJ138
804,LINHARES PC1,SUDESTE,36.0,-19.530000,-39.800000,bus-proxy,bus:LORM--UTE013,,,LORM--UTE013
805,PAULINIA VE1,SUDESTE,15.95,-22.770000,-47.200000,bus-proxy,bus:PAULIVUTE013,,,PAULIVUTE013
806,PORSUD I   2,SUDESTE,115.92,-20.940069,-43.802578,plant,siga-token,UTE.GN.RJ.055706-4.1,Itaguaí - RJ,ZOESTE-RJ138
807,PORSUD II  1,SUDESTE,78.32,-22.870000,-43.710000,bus-proxy,bus:ZOESTE-RJ138,,,ZOESTE-RJ138
808,POVOACAO 1 1,SUDESTE,74.96,-19.534731,-39.802150,plant,siga-token,UTE.GN.ES.056045-6.1,Linhares - ES,
809,VIANA 1    1,SUDESTE,37.48,-20.379169,-40.436947,siga-fuzzy,siga-fuzzy,UTE.GN.ES.056350-1.1,Viana - ES,
812,CAV-2374,SUDESTE,385.0,-22.580000,-48.820000,bus-proxy,bus:GAIVOT-SP138,,,GAIVOT-SP138
813,CAV-1229,SUDESTE,385.0,-14.120000,-46.630000,bus-proxy,bus:IACIAR-GO138,,,IACIAR-GO138
814,CAV-42559,SUDESTE,385.0,-19.650000,-51.400000,bus-proxy,bus:INOCEN-MS138,,,INOCEN-MS138
815,CAV-1022,SUDESTE,385.0,-23.380000,-46.400000,bus-proxy,bus:AERGUL-SP138,,,AERGUL-SP138
816,CAV-2366,SUDESTE,385.0,-22.610000,-48.800000,bus-proxy,bus:LENCOI-SP138,,,LENCOI-SP138
817,CAV-8598,SUDESTE,385.0,-20.680000,-53.570000,bus-proxy,bus:MIMOSO-MS138,,,MIMOSO-MS138
818,CAV-27591,SUDESTE,385.0,-17.450000,-46.690000,bus-proxy,bus:PARAC2-MG138,,,PARAC2-MG138
819,CAV-27411,SUDESTE,385.0,-21.860000,-44.510000,bus-proxy,bus:PTEMP2-MG138,,,PTEMP2-MG138
820,CAV-49057,SUDESTE,385.0,-20.450000,-53.780000,bus-proxy,bus:RIBASR-MS138,,,RIBASR-MS138
821,CAV-25728,SUDESTE,385.0,-12.550000,-55.720000,bus-proxy,bus:SOR.CT-MT069,,,SOR.CT-MT069
822,CAV-49053,SUDESTE,385.0,-20.540000,-53.830000,bus-proxy,bus:SUZANO-MS138,,,SUZANO-MS138
833,GFSE-38954,SUDESTE,9167.73,-21.840000,-41.020000,bus-proxy,bus:GNA-II-RJ500,,,GNA-II-RJ500
834,GFSE-39511,SUDESTE,9167.73,-19.770000,-40.390000,bus-proxy,bus:JNEIV2-ES500,,,JNEIV2-ES500
835,GFSE-3784,SUDESTE,9167.73,-22.310000,-41.870000,bus-proxy,bus:MACAE--RJ345,,,MACAE--RJ345
836,GFSE-3781,SUDESTE,9167.73,-22.870000,-43.710000,bus-proxy,bus:ZOESTE-RJ500,,,ZOESTE-RJ500
837,GFSE-41173,SUDESTE,9167.73,-9.180000,-57.020000,bus-proxy,bus:SMANOE-MT500,,,SMANOE-MT500
838,GFSE-38952,SUDESTE,9167.73,-22.360000,-41.870000,bus-proxy,bus:V.AZUL-RJ500,,,V.AZUL-RJ500
850,GISE-38954,SUDESTE,4500.0,-21.840000,-41.020000,bus-proxy,bus:GNA-II-RJ500,,,GNA-II-RJ500
851,GISE-3748,SUDESTE,4500.0,-22.750000,-43.330000,bus-proxy,bus:S.JOSE-RJ500,,,S.JOSE-RJ500
852,GISE-39511,SUDESTE,4500.0,-19.770000,-40.390000,bus-proxy,bus:JNEIV2-ES500,,,JNEIV2-ES500
853,GISE-3784,SUDESTE,4500.0,-22.310000,-41.870000,bus-proxy,bus:MACAE--RJ345,,,MACAE--RJ345
854,GISE-2948,SUDESTE,4500.0,-23.700000,-46.680000,bus-proxy,bus:PIRATI-SP230,,,PIRATI-SP230
855,GISE-38952,SUDESTE,4500.0,-22.360000,-41.870000,bus-proxy,bus:V.AZUL-RJ500,,,V.AZUL-RJ500
859,RCSE-41139,SUDESTE,700.76,-20.380000,-43.550000,bus-proxy-interp,bus:GER-OB-MG069,,,GER-OB-MG069
860,RCSE-1752,SUDESTE,700.76,-19.670000,-46.910000,bus-proxy,bus:CBMM---MG138,,,CBMM---MG138
861,RCSE-4471,SUDESTE,700.76,-19.600000,-43.200000,bus-proxy-interp,bus:VALEIT-MG230,,,VALEIT-MG230
862,RCSE-1673,SUDESTE,700.76,-21.710000,-43.400000,bus-proxy,bus:JFORA1-MG138,,,JFORA1-MG138
863,RCSE-38931,SUDESTE,700.76,-21.660000,-46.845000,bus-proxy-interp,bus:N.EXTR-MG138,,,N.EXTR-MG138
864,RCSE-4472,SUDESTE,700.76,-20.430000,-43.320000,bus-proxy-interp,bus:SAMAR--MG345,,,SAMAR--MG345
865,RCSE-27157,SUDESTE,700.76,-20.480000,-43.920000,bus-proxy,bus:CSNCON-MG138,,,CSNCON-MG138
866,RCSE-1825,SUDESTE,700.76,-17.310000,-44.920000,bus-proxy,bus:PIRAD1-MG138,,,PIRAD1-MG138
867,RCSE-27548,SUDESTE,700.76,-20.063333,-44.750000,bus-proxy-interp,bus:USIMIN-MG138,,,USIMIN-MG138
868,RCSE-40672,SUDESTE,700.76,-17.070000,-47.110000,bus-proxy-interp,bus:KINROS-MG500,,,KINROS-MG500
869,RCSE-3343,SUDESTE,700.76,-23.530000,-46.750000,bus-proxy,bus:MFO----SP088,,,MFO----SP088
870,RCSE-1065,SUDESTE,700.76,-23.450000,-46.380000,bus-proxy,bus:NOD-BE-SP088,,,NOD-BE-SP088
871,RCSE-3332,SUDESTE,700.76,-23.600000,-46.690000,bus-proxy,bus:BAN----SP088,,,BAN----SP088
872,RCSE-1067,SUDESTE,700.76,-23.200000,-45.890000,bus-proxy,bus:SJC----SP088,,,SJC----SP088
873,RCSE-3341,SUDESTE,700.76,-23.560000,-46.910000,bus-proxy,bus:JAD----SP088,,,JAD----SP088
874,RCSE-3353,SUDESTE,700.76,-23.580000,-46.520000,bus-proxy,bus:RRF----SP088,,,RRF----SP088
875,RCSE-3342,SUDESTE,700.76,-23.600000,-46.470000,bus-proxy,bus:LES----SP088,,,LES----SP088
876,RCSE-3339,SUDESTE,700.76,-23.510000,-46.520000,bus-proxy,bus:SMIGUE-SP088,,,SMIGUE-SP088
877,RCSE-3351,SUDESTE,700.76,-23.710000,-46.680000,bus-proxy,bus:PI2----SP088,,,PI2----SP088
878,RCSE-3331,SUDESTE,700.76,-23.490000,-46.770000,bus-proxy,bus:ANH----SP088,,,ANH----SP088
889,RSSE-41139,SUDESTE,1333.7,-20.380000,-43.550000,bus-proxy-interp,bus:GER-OB-MG069,,,GER-OB-MG069
890,RSSE-1752,SUDESTE,1333.7,-19.670000,-46.910000,bus-proxy,bus:CBMM---MG138,,,CBMM---MG138
891,RSSE-4471,SUDESTE,1333.7,-19.600000,-43.200000,bus-proxy-interp,bus:VALEIT-MG230,,,VALEIT-MG230
892,RSSE-1673,SUDESTE,1333.7,-21.710000,-43.400000,bus-proxy,bus:JFORA1-MG138,,,JFORA1-MG138
893,RSSE-38931,SUDESTE,1333.7,-21.660000,-46.845000,bus-proxy-interp,bus:N.EXTR-MG138,,,N.EXTR-MG138
894,RSSE-4472,SUDESTE,1333.7,-20.430000,-43.320000,bus-proxy-interp,bus:SAMAR--MG345,,,SAMAR--MG345
895,RSSE-27157,SUDESTE,1333.7,-20.480000,-43.920000,bus-proxy,bus:CSNCON-MG138,,,CSNCON-MG138
896,RSSE-1825,SUDESTE,1333.7,-17.310000,-44.920000,bus-proxy,bus:PIRAD1-MG138,,,PIRAD1-MG138
897,RSSE-27548,SUDESTE,1333.7,-20.063333,-44.750000,bus-proxy-interp,bus:USIMIN-MG138,,,USIMIN-MG138
898,RSSE-40672,SUDESTE,1333.7,-17.070000,-47.110000,bus-proxy-interp,bus:KINROS-MG500,,,KINROS-MG500
899,RSSE-3343,SUDESTE,1333.7,-23.530000,-46.750000,bus-proxy,bus:MFO----SP088,,,MFO----SP088
900,RSSE-1065,SUDESTE,1333.7,-23.450000,-46.380000,bus-proxy,bus:NOD-BE-SP088,,,NOD-BE-SP088
901,RSSE-3332,SUDESTE,1333.7,-23.600000,-46.690000,bus-proxy,bus:BAN----SP088,,,BAN----SP088
902,RSSE-1067,SUDESTE,1333.7,-23.200000,-45.890000,bus-proxy,bus:SJC----SP088,,,SJC----SP088
903,RSSE-3341,SUDESTE,1333.7,-23.560000,-46.910000,bus-proxy,bus:JAD----SP088,,,JAD----SP088
904,RSSE-3353,SUDESTE,1333.7,-23.580000,-46.520000,bus-proxy,bus:RRF----SP088,,,RRF----SP088
905,RSSE-3342,SUDESTE,1333.7,-23.600000,-46.470000,bus-proxy,bus:LES----SP088,,,LES----SP088
906,RSSE-3339,SUDESTE,1333.7,-23.510000,-46.520000,bus-proxy,bus:SMIGUE-SP088,,,SMIGUE-SP088
907,RSSE-3351,SUDESTE,1333.7,-23.710000,-46.680000,bus-proxy,bus:PI2----SP088,,,PI2----SP088
908,RSSE-3331,SUDESTE,1333.7,-23.490000,-46.770000,bus-proxy,bus:ANH----SP088,,,ANH----SP088
48,ARAUCARIA,SUL,0.0,-25.588304,-49.355862,plant,siga-name,UTE.GN.PR.027733-9.1,Araucária - PR,
156,CANDIOTA 3 2,SUL,0.0,-31.550000,-53.660000,bus-proxy,bus:CANDI-UTE013,,,CANDI-UTE013
35,URUGUAIANA,SUL,0.0,-29.759899,-56.990535,plant,siga-name,UTE.GN.RS.002913-0.1,Uruguaiana - RS,
258,TROMBUDO,SUL,28.02,-27.290944,-49.783167,plant,siga-name,UTE.GN.SC.035310-8.1,Trombudo Central - SC,TROMBUUTE013
28,FIGUEIRA,SUL,0.0,-21.103550,-50.230166,plant,siga-token,UTE.AI.SP.030580-4.1,Buritama - SP,FIGUEIUTE013
26,J.LACERDA A1,SUL,80.0,-28.450000,-48.970000,bus-proxy,bus:JLACP-UTE013,,,JLACP-UTE013
27,J.LACERDA A2,SUL,110.0,-28.450000,-48.970000,bus-proxy,bus:JLACM-UTE013,,,JLACM-UTE013
25,J.LACERDA B,SUL,220.0,-28.450000,-48.970000,bus-proxy,bus:JLACG-UTE013,,,JLACG-UTE013
24,J.LACERDA C,SUL,330.0,-28.450000,-48.970000,bus-proxy,bus:JLACEGUTE013,,,JLACEGUTE013
64,CANOAS     1,SUL,248.57,-29.876371,-51.146928,siga-fuzzy,siga-fuzzy,UTE.GN.RS.028038-0.1,Canoas - RS,
149,SAO SEPE,SUL,7.2,-30.101449,-53.654444,plant,siga-name,UTE.AI.RS.034046-4.1,São Sepé - RS,S.SEPEUTE013
107,PAMPA SUL,SUL,345.0,-31.450926,-53.779020,plant,siga-name,UTE.CM.RS.032282-2.1,Candiota - RS,PAMPASUTE020
254,B. BONITA I1,SUL,9.39223,-24.730000,-52.010000,bus-proxy,bus:PITANG-PR138,,,PITANG-PR138
768,CANOAS     2,SUL,248.57,-29.876371,-51.146928,siga-fuzzy,siga-fuzzy,UTE.GN.RS.028038-0.1,Canoas - RS,
782,CANDIOTA 3 1,SUL,350.0,-31.550000,-53.660000,bus-proxy,bus:CANDI-UTE013,,,CANDI-UTE013
810,B. BONITA I2,SUL,9.39,-24.730000,-52.010000,bus-proxy,bus:PITANG-PR138,,,PITANG-PR138
839,GFSU-9261,SUL,7164.42,-32.080000,-52.270000,bus-proxy,bus:QUINTA-RS230,,,QUINTA-RS230
840,GFSU-7770,SUL,7164.42,-26.250000,-48.900000,bus-proxy,bus:JNORTE-SC230,,,JNORTE-SC230
841,GFSU-9340,SUL,7164.42,-29.760000,-57.000000,bus-proxy,bus:UTUR---RS230,,,UTUR---RS230
856,GISU-9261,SUL,4007.9,-32.080000,-52.270000,bus-proxy,bus:QUINTA-RS230,,,QUINTA-RS230
857,GISU-7770,SUL,4007.9,-26.250000,-48.900000,bus-proxy,bus:JNORTE-SC230,,,JNORTE-SC230
858,GISU-9340,SUL,4007.9,-29.760000,-57.000000,bus-proxy,bus:UTUR---RS230,,,UTUR---RS230
879,RCSU-51711,SUL,1699.24,-24.243333,-50.740000,bus-proxy-interp,bus:KLACEL-PR034,,,KLACEL-PR034
880,RCSU-7080,SUL,1699.24,-23.442703,-51.873249,bus-proxy-interp,bus:JALVOR-PR138,,,JALVOR-PR138
881,RCSU-6900,SUL,1699.24,-23.777807,-52.422608,bus-proxy-interp,bus:CIANOR-PR138,,,CIANOR-PR138
882,RCSU-7119,SUL,1699.24,-23.089175,-52.461145,bus-proxy-interp,bus:PRANAV-PR138,,,PRANAV-PR138
883,RCSU-7078,SUL,1699.24,-24.325100,-53.957917,bus-proxy-interp,bus:MCROND-PR138,,,MCROND-PR138
884,RCSU-7122,SUL,1699.24,-26.210000,-52.670000,bus-proxy,bus:PATOBR-PR138,,,PATOBR-PR138
885,RCSU-6954,SUL,1699.24,-25.860790,-53.241331,bus-proxy-interp,bus:FBELTR-PR138,,,FBELTR-PR138
886,RCSU-7235,SUL,1699.24,-23.911295,-53.323555,bus-proxy-interp,bus:UMUARA-PR138,,,UMUARA-PR138
887,RCSU-6931,SUL,1699.24,-25.704171,-53.048260,bus-proxy-interp,bus:2VIZIN-PR138,,,2VIZIN-PR138
888,RCSU-7079,SUL,1699.24,-25.162935,-54.182171,bus-proxy-interp,bus:MEDIAN-PR138,,,MEDIAN-PR138
909,RSSU-51711,SUL,1066.3,-24.243333,-50.740000,bus-proxy-interp,bus:KLACEL-PR034,,,KLACEL-PR034
910,RSSU-7080,SUL,1066.3,-23.442703,-51.873249,bus-proxy-interp,bus:JALVOR-PR138,,,JALVOR-PR138
911,RSSU-6900,SUL,1066.3,-23.777807,-52.422608,bus-proxy-interp,bus:CIANOR-PR138,,,CIANOR-PR138
912,RSSU-7119,SUL,1066.3,-23.089175,-52.461145,bus-proxy-interp,bus:PRANAV-PR138,,,PRANAV-PR138
913,RSSU-7078,SUL,1066.3,-24.325100,-53.957917,bus-proxy-interp,bus:MCROND-PR138,,,MCROND-PR138
914,RSSU-7122,SUL,1066.3,-26.210000,-52.670000,bus-proxy,bus:PATOBR-PR138,,,PATOBR-PR138
915,RSSU-6954,SUL,1066.3,-25.860790,-53.241331,bus-proxy-interp,bus:FBELTR-PR138,,,FBELTR-PR138
916,RSSU-7235,SUL,1066.3,-23.911295,-53.323555,bus-proxy-interp,bus:UMUARA-PR138,,,UMUARA-PR138
917,RSSU-6931,SUL,1066.3,-25.704171,-53.048260,bus-proxy-interp,bus:2VIZIN-PR138,,,2VIZIN-PR138
918,RSSU-7079,SUL,1066.3,-25.162935,-54.182171,bus-proxy-interp,bus:MEDIAN-PR138,,,MEDIAN-PR138
52,CAMPINA GDE,NORDESTE,0.0,-7.230000,-35.890000,bus-proxy,bus:CGRD--UTE013,,,CGRD--UTE013
57,MARACANAU I,NORDESTE,0.0,-3.873010,-38.616535,plant,siga-name,UTE.PE.CE.029654-6.1,Maracanaú - CE,MARAC1UTE013
98,PERNAMBU_III,NORDESTE,200.79,-7.860000,-35.010000,bus-proxy,bus:PERNA3UTE013,,,PERNA3UTE013
144,PETROLINA  2,NORDESTE,0.0,-9.397376,-40.499999,plant,siga-token,UTE.PE.PE.028584-6.1,Petrolina - PE,PETROLUTE013
235,CAMACARI MII,NORDESTE,144.45,-12.687227,-38.352569,plant,siga-token,UTE.GN.BA.000602-5.1,Camaçari - BA,CAMAC4-BA230
162,PECEM II,NORDESTE,144.45,-7.858444,-35.015972,plant,siga-name,UTE.PE.PE.031303-3.2,Igarassu - PE,PECEM2-CE230
152,TERMOCABO  2,NORDESTE,0.0,-8.268915,-35.024545,plant,siga-token,UTE.GN.PE.028326-6.1,Cabo de Santo Agostinho - PE,CABO--UTE013
67,TERMONE    2,NORDESTE,0.0,-7.160000,-34.860000,bus-proxy,bus:TERMNEUTE013,,,TERMNEUTE013
69,TERMOPB    1,NORDESTE,0.0,-7.210000,-34.920000,bus-proxy,bus:TERMPBUTE013,,,TERMPBUTE013
167,P. PECEM I,NORDESTE,720.28,-3.550000,-38.810000,bus-proxy,bus:PPECE1UTE020,,,PPECE1UTE020
163,P. PECEM II,NORDESTE,365.0,-3.590000,-38.870000,bus-proxy,bus:PPECE2UTE020,,,PPECE2UTE020
224,P. SERGIPE I,NORDESTE,1593.0,-10.815646,-36.937062,siga-fuzzy,siga-fuzzy,UTE.GN.SE.032228-8.1,Barra dos Coqueiros - SE,
106,ERB CANDEIAS,NORDESTE,12.9024,-12.767464,-38.481508,plant,siga-name,UTE.FL.BA.030979-6.1,Candeias - BA,CANDEIUTE014
53,GLOBAL I,NORDESTE,148.8,-12.730210,-38.481217,plant,siga-name,UTE.PE.BA.029653-8.1,Candeias - BA,GLOB1-UTE013
55,GLOBAL II,NORDESTE,148.8,-12.729994,-38.482121,plant,siga-name,UTE.PE.BA.029639-2.1,Candeias - BA,GLOB2-UTE013
151,POTIGUAR,NORDESTE,45.5398,-5.870621,-35.293312,plant,siga-name,UTE.PE.RN.028655-9.1,Macaíba - RN,POTI1-UTE013
161,POTIGUAR III,NORDESTE,48.5118,-5.868810,-35.304648,plant,siga-name,UTE.PE.RN.029556-6.1,Macaíba - RN,POTI3-UTE013
223,PROSPERI III,NORDESTE,56.0,-12.500000,-38.210000,bus-proxy,bus:PROSP3UTE013,,,PROSP3UTE013
241,PROSPERID II,NORDESTE,37.4,-12.500000,-38.210000,bus-proxy,bus:PRO2E4UTE013,,,PRO2E4UTE013
147,PROSPERIDADE,NORDESTE,28.02,-12.500000,-38.210000,bus-proxy,bus:PROSP1UTE013,,,PROSP1UTE013
96,TERMOPE,NORDESTE,550.0,-8.399066,-34.956924,plant,siga-token,UTE.GN.PE.028031-3.1,Ipojuca - PE,
43,TERMOBAHIA 1,NORDESTE,158.945,-12.700000,-38.570000,bus-proxy,bus:CFURTAUTE013,,,CFURTAUTE013
58,TERMOCEARA 2,NORDESTE,0.0,-3.692500,-38.871667,plant,siga-token,UTE.GN.CE.028358-4.1,Caucaia - CE,TERCEGUTE013
83,VALE DO ACU2,NORDESTE,92.4,-20.598050,-49.190005,plant,siga-token,UTE.AI.SP.029678-3.1,Onda Verde - SP,VDOACUUTE013
170,SUAPE II   2,NORDESTE,381.26,-8.351993,-35.022973,plant,siga-token,UTE.PE.PE.029719-4.1,Cabo de Santo Agostinho - PE,
762,TERMOBAHIA 2,NORDESTE,185.9,-12.700000,-38.570000,bus-proxy,bus:CFURTAUTE013,,,CFURTAUTE013
763,TERMOCEARA 1,NORDESTE,223.0,-3.692500,-38.871667,plant,siga-token,UTE.GN.CE.028358-4.1,Caucaia - CE,TERCEGUTE013
767,VALE DO ACU1,NORDESTE,110.0,-20.598050,-49.190005,plant,siga-token,UTE.AI.SP.029678-3.1,Onda Verde - SP,VDOACUUTE013
793,TERMONE    1,NORDESTE,170.85,-7.160000,-34.860000,bus-proxy,bus:TERMNEUTE013,,,TERMNEUTE013
794,TERMOPB    2,NORDESTE,170.85,-7.210000,-34.920000,bus-proxy,bus:TERMPBUTE013,,,TERMPBUTE013
796,PETROLINA  1,NORDESTE,136.2,-9.397376,-40.499999,plant,siga-token,UTE.PE.PE.028584-6.1,Petrolina - PE,PETROLUTE013
798,TERMOCABO  1,NORDESTE,49.73,-8.268915,-35.024545,plant,siga-token,UTE.GN.PE.028326-6.1,Cabo de Santo Agostinho - PE,CABO--UTE013
811,SUAPE II   1,NORDESTE,381.26,-8.351993,-35.022973,plant,siga-token,UTE.PE.PE.029719-4.1,Cabo de Santo Agostinho - PE,
842,GINE-11151,NORDESTE,1000.0,-10.820000,-36.940000,bus-proxy,bus:PSERG1-SE500,,,PSERG1-SE500
843,GINE-11525,NORDESTE,1000.0,-3.600000,-38.870000,bus-proxy,bus:PECEM2-CE500,,,PECEM2-CE500
844,GINE-253,NORDESTE,1000.0,-8.400000,-35.020000,bus-proxy,bus:SUAPE3-PE230,,,SUAPE3-PE230
845,GINE-336,NORDESTE,1000.0,-8.400000,-34.970000,bus-proxy,bus:TERPER-PE230,,,TERPER-PE230
846,GINE-141,NORDESTE,1000.0,-8.360000,-35.030000,bus-proxy,bus:SUAPE--PE230,,,SUAPE--PE230
212,MARANHAO II2,NORTE,518.8,-4.822086,-44.354708,siga-fuzzy,siga-fuzzy,UTE.GN.MA.030800-5.1,Santo Antônio dos Lopes - MA,
36,MARANHAO IV,NORTE,337.6,-26.287518,-48.878529,plant,siga-token,UTE.GN.MA.030202-3.1,Santo Antônio dos Lopes - MA,
21,MARANHAO V,NORTE,337.6,-19.754010,-40.376535,plant,siga-token,UTE.GN.MA.030203-1.1,Santo Antônio dos Lopes - MA,
46,N.VENECIA 2,NORTE,178.21,-4.865044,-44.350556,siga-fuzzy,siga-fuzzy,UTE.GN.MA.030196-5.1,Santo Antônio dos Lopes - MA,
116,PARNAIBA IV,NORTE,56.28,-4.814121,-44.343646,plant,siga-name,UTE.GN.MA.031193-6.1,Santo Antônio dos Lopes - MA,PARN4GUTE013
239,PARNAIBA V,NORTE,365.3,-4.819401,-44.355296,plant,siga-token,UTE.GN.MA.040562-0.1,Santo Antônio dos Lopes - MA,PARNAVUTE013
176,PORTO ITAQUI,NORTE,360.14,-2.520000,-44.300000,bus-proxy,bus:P.ITAQUTE013,,,P.ITAQUTE013
240,NT BARCARENA,NORTE,611.811,-1.550000,-48.750000,bus-proxy,bus:NTBARCUTE013,,,NTBARCUTE013
259,PORTOCEM I,NORTE,1571.89,-1.550833,-48.747778,plant,siga-name,UTE.GN.PA.037748-1.2,Barcarena - PA,PRTP1GUTE013
73,GERAMAR I,NORTE,159.235,-3.566189,-44.558718,siga-fuzzy,siga-fuzzy,UTE.PE.MA.029705-4.1,Miranda do Norte - MA,
70,GERAMAR II,NORTE,159.235,-3.566189,-44.558718,plant,siga-token,UTE.PE.MA.029668-6.1,Miranda do Norte - MA,
777,MARANHAO II1,NORTE,518.8,-4.822086,-44.354708,siga-fuzzy,siga-fuzzy,UTE.GN.MA.030800-5.1,Santo Antônio dos Lopes - MA,
847,GINO-13096,NORTE,1746.0,-1.550000,-48.750000,bus-proxy,bus:NTBARC-PA230,,,NTBARC-PA230
848,GINO-236,NORTE,1746.0,-4.300000,-42.990000,bus-proxy,bus:C.NETO-MA230,,,C.NETO-MA230
849,GINO-13101,NORTE,1746.0,-2.680000,-44.310000,bus-proxy,bus:SLUIS4-MA230,,,SLUIS4-MA230
194,T. NORTE 2 2,AC RO,0.0,-8.770000,-63.830000,bus-proxy,bus:TN2-G-UTE013,,,TN2-G-UTE013
799,T. NORTE 2 1,AC RO,349.0,-8.770000,-63.830000,bus-proxy,bus:TN2-G-UTE013,,,TN2-G-UTE013
823,GFAR-9517,AC RO,30.63,-9.177500,-64.377500,bus-proxy-interp,bus:NMPARA-RO230,,,NMPARA-RO230
824,GFAR-9520,AC RO,30.63,-9.930000,-63.010000,bus-proxy,bus:ARIQUE-RO230,,,ARIQUE-RO230
825,GFAR-9540,AC RO,30.63,-10.040000,-67.940000,bus-proxy,bus:TUCUMA-AC230,,,TUCUMA-AC230
826,GFAR-9541,AC RO,30.63,-8.190000,-70.550000,bus-proxy,bus:FEIJO--AC230,,,FEIJO--AC230
827,GFAR-9573,AC RO,30.63,-7.690000,-72.640000,bus-proxy,bus:CRUSUL-AC230,,,CRUSUL-AC230
828,GFAR-41973,AC RO,30.63,-10.860000,-61.890000,bus-proxy-interp,bus:TABAJA-RO230,,,TABAJA-RO230
201,APARECIDA,MAN AP BV,145.084,-3.129777,-60.032783,plant,siga-name,UTE.GN.AM.027250-7.2,Manaus - AM,
203,C. ROCHA   1,MAN AP BV,67.0233,-2.893269,-60.023868,siga-fuzzy,siga-fuzzy,UTE.PE.AM.029499-3.1,Manaus - AM,
204,JARAQUI    2,MAN AP BV,63.0258,-2.981565,-60.017757,plant,siga-token,UTE.GN.AM.029272-9.1,Manaus - AM,
205,MANAUARA   2,MAN AP BV,66.3536,-2.940000,-60.010000,bus-proxy,bus:PIEMANUTE013,,,PIEMANUTE013
140,MAUA 3     1,MAN AP BV,590.75,-3.117405,-59.929550,plant,siga-token,UTE.GN.AM.031888-4.1,Manaus - AM,
207,PONTA NEGRA2,MAN AP BV,64.0121,-3.090000,-60.070000,bus-proxy,bus:PIEPNGUTE013,,,PIEPNGUTE013
209,TAMBAQUI   2,MAN AP BV,77.6884,-3.109167,-59.939444,plant,siga-token,UTE.PE.AM.029276-1.1,Manaus - AM,PIETBQUTE013
322,BBF BALIZA,MAN AP BV,17.0645,0.959734,-59.953281,plant,siga-name,UTE.AI.RR.044586-0.1,São João da Baliza - RR,
260,AZULAO,MAN AP BV,295.43,-2.737819,-58.188339,plant,siga-name,UTE.GN.AM.035071-0.1,Silves - AM,AZULAOUTE023
262,AZULAO II,MAN AP BV,295.43,-2.737655,-58.180316,plant,siga-name,UTE.GN.AM.066966-0.1,Silves - AM,AZULA2UTE013
263,AZULAO IV,MAN AP BV,295.43,-2.737819,-58.188339,plant,siga-token,UTE.GN.AM.035071-0.1,Silves - AM,AZULA4UTE013
326,JAGUATIRI II,MAN AP BV,126.325,-2.763518,-59.053005,system-centroid,system-centroid,,,
264,MANAUS I,MAN AP BV,162.91,-3.111944,-59.916389,plant,siga-name,UTE.GN.AM.035316-7.1,Manaus - AM,MANAU1UTE013
327,M.CRISTO SUC,MAN AP BV,40.56,2.930511,-60.714675,siga-fuzzy,siga-fuzzy,UTE.PE.RR.044653-0.1,Boa Vista - RR,
323,BONFIM,MAN AP BV,11.5,-21.413810,-48.278635,plant,siga-name,UTE.AI.SP.029665-1.1,Guariba - SP,BONFIMUTE013
324,CANTA,MAN AP BV,11.5,2.725818,-60.682269,plant,siga-name,UTE.FL.RR.044604-1.1,Cantá - RR,CANTAGUTE013
328,PALMAPLAN 2,MAN AP BV,11.55,0.940000,-60.410000,bus-proxy,bus:PALMAPUTE013,,,PALMAPUTE013
329,PAU RAINHA,MAN AP BV,11.5,3.203568,-60.827828,plant,siga-name,UTE.FL.RR.044605-0.1,Boa Vista - RR,P.RAINUTE013
330,SANTA LUZ,MAN AP BV,11.5,3.179698,-60.826394,plant,siga-name,UTE.FL.RR.044606-8.1,Boa Vista - RR,STA.LUUTE013
783,C. ROCHA   2,MAN AP BV,85.38,-2.893269,-60.023868,siga-fuzzy,siga-fuzzy,UTE.PE.AM.029499-3.1,Manaus - AM,
784,JARAQUI    1,MAN AP BV,75.48,-2.981565,-60.017757,plant,siga-token,UTE.GN.AM.029272-9.1,Manaus - AM,
785,MANAUARA   1,MAN AP BV,73.4,-2.940000,-60.010000,bus-proxy,bus:PIEMANUTE013,,,PIEMANUTE013
786,PONTA NEGRA1,MAN AP BV,73.4,-3.090000,-60.070000,bus-proxy,bus:PIEPNGUTE013,,,PIEPNGUTE013
787,TAMBAQUI   1,MAN AP BV,93.04,-3.109167,-59.939444,plant,siga-token,UTE.PE.AM.029276-1.1,Manaus - AM,PIETBQUTE013
788,MAUA 3     2,MAN AP BV,590.75,-3.117405,-59.929550,plant,siga-token,UTE.GN.AM.031888-4.1,Manaus - AM,
829,GFMA-10032,MAN AP BV,711.02,0.050000,-51.170000,bus-proxy,bus:MACAP3-AP230,,,MACAP3-AP230
830,GFMA-10400,MAN AP BV,711.02,-3.080000,-59.990000,bus-proxy,bus:MANAUS-AM230,,,MANAUS-AM230
831,GFMA-10010,MAN AP BV,711.02,-2.710000,-58.280000,bus-proxy,bus:SILVES-AM500,,,SILVES-AM500
832,GFMA-52207,MAN AP BV,711.02,2.940000,-60.720000,bus-proxy,bus:BVISTA-RR230,,,BVISTA-RR230
